source_modality,source_feature,target_modality,target_feature,correlation
metabolomics,metabolomics_60,proteomics,proteomics_45,0.8317873630060412
metabolomics,metabolomics_60,proteomics,proteomics_110,0.8899025004002795
metabolomics,metabolomics_60,proteomics,proteomics_22,0.9206312242803361
metabolomics,metabolomics_60,proteomics,proteomics_70,0.9714577689446062
metabolomics,metabolomics_60,proteomics,proteomics_69,0.9155364673228331
metabolomics,metabolomics_60,proteomics,proteomics_26,0.8958467238237676
metabolomics,metabolomics_60,proteomics,proteomics_59,0.9410257022263775
metabolomics,metabolomics_60,proteomics,proteomics_92,0.9470533306113189
metabolomics,metabolomics_60,proteomics,proteomics_81,0.9071225051798391
metabolomics,metabolomics_60,proteomics,proteomics_2,0.9552345584347736
metabolomics,metabolomics_17,proteomics,proteomics_45,0.9193126705318846
metabolomics,metabolomics_17,proteomics,proteomics_110,0.8912739461415982
metabolomics,metabolomics_17,proteomics,proteomics_22,0.9261623384386318
metabolomics,metabolomics_17,proteomics,proteomics_70,0.8733948832831774
metabolomics,metabolomics_17,proteomics,proteomics_69,0.9275462385137856
metabolomics,metabolomics_17,proteomics,proteomics_26,0.9348117560723344
metabolomics,metabolomics_17,proteomics,proteomics_59,0.9305973978530214
metabolomics,metabolomics_17,proteomics,proteomics_92,0.94205552683285
metabolomics,metabolomics_17,proteomics,proteomics_81,0.9022195753443328
metabolomics,metabolomics_17,proteomics,proteomics_2,0.9118972630523072
metabolomics,metabolomics_77,proteomics,proteomics_45,0.9118552967976546
metabolomics,metabolomics_77,proteomics,proteomics_110,0.8299035460809279
metabolomics,metabolomics_77,proteomics,proteomics_22,0.9151339033547442
metabolomics,metabolomics_77,proteomics,proteomics_70,0.9233751822630952
metabolomics,metabolomics_77,proteomics,proteomics_69,0.9420868318402679
metabolomics,metabolomics_77,proteomics,proteomics_26,0.8835139779273979
metabolomics,metabolomics_77,proteomics,proteomics_59,0.9601698776823684
metabolomics,metabolomics_77,proteomics,proteomics_92,0.9656139818211033
metabolomics,metabolomics_77,proteomics,proteomics_81,0.9513122422361407
metabolomics,metabolomics_77,proteomics,proteomics_2,0.9484799913563257
metabolomics,metabolomics_9,proteomics,proteomics_45,0.8735212780428306
metabolomics,metabolomics_9,proteomics,proteomics_110,0.965870996790622
metabolomics,metabolomics_9,proteomics,proteomics_22,0.9682084873915484
metabolomics,metabolomics_9,proteomics,proteomics_70,0.9435387060969851
metabolomics,metabolomics_9,proteomics,proteomics_69,0.9005999127581197
metabolomics,metabolomics_9,proteomics,proteomics_26,0.9185643644553839
metabolomics,metabolomics_9,proteomics,proteomics_59,0.9551421981697981
metabolomics,metabolomics_9,proteomics,proteomics_92,0.9441112021868768
metabolomics,metabolomics_9,proteomics,proteomics_81,0.9216659036788665
metabolomics,metabolomics_9,proteomics,proteomics_2,0.9514978336636477
metabolomics,metabolomics_36,proteomics,proteomics_45,0.9004582227033993
metabolomics,metabolomics_36,proteomics,proteomics_110,0.9503829550721722
metabolomics,metabolomics_36,proteomics,proteomics_22,0.9305509643902398
metabolomics,metabolomics_36,proteomics,proteomics_70,0.9558992000903488
metabolomics,metabolomics_36,proteomics,proteomics_69,0.9116642068220312
metabolomics,metabolomics_36,proteomics,proteomics_26,0.9274619213985071
metabolomics,metabolomics_36,proteomics,proteomics_59,0.9704695885373747
metabolomics,metabolomics_36,proteomics,proteomics_92,0.9324996896903519
metabolomics,metabolomics_36,proteomics,proteomics_81,0.9332997437046576
metabolomics,metabolomics_36,proteomics,proteomics_2,0.9710187213724149
metabolomics,metabolomics_52,proteomics,proteomics_45,0.8941469610038248
metabolomics,metabolomics_52,proteomics,proteomics_110,0.9434002666234909
metabolomics,metabolomics_52,proteomics,proteomics_22,0.9414546966432445
metabolomics,metabolomics_52,proteomics,proteomics_70,0.9084694977898886
metabolomics,metabolomics_52,proteomics,proteomics_69,0.9675035411695918
metabolomics,metabolomics_52,proteomics,proteomics_26,0.8945535602854774
metabolomics,metabolomics_52,proteomics,proteomics_59,0.9304968385096217
metabolomics,metabolomics_52,proteomics,proteomics_92,0.9458446552799189
metabolomics,metabolomics_52,proteomics,proteomics_81,0.9220002156877841
metabolomics,metabolomics_52,proteomics,proteomics_2,0.9171835211195853
metabolomics,metabolomics_4,proteomics,proteomics_45,0.965020462132271
metabolomics,metabolomics_4,proteomics,proteomics_110,0.8974952444420059
metabolomics,metabolomics_4,proteomics,proteomics_22,0.9396108019581277
metabolomics,metabolomics_4,proteomics,proteomics_70,0.952170450047101
metabolomics,metabolomics_4,proteomics,proteomics_69,0.9448330919685511
metabolomics,metabolomics_4,proteomics,proteomics_26,0.9516812932502516
metabolomics,metabolomics_4,proteomics,proteomics_59,0.9141182402053772
metabolomics,metabolomics_4,proteomics,proteomics_92,0.8968984221087744
metabolomics,metabolomics_4,proteomics,proteomics_81,0.9095767944047731
metabolomics,metabolomics_4,proteomics,proteomics_2,0.9605261719592578
metabolomics,metabolomics_59,proteomics,proteomics_45,0.9318748411056252
metabolomics,metabolomics_59,proteomics,proteomics_110,0.8831850743848252
metabolomics,metabolomics_59,proteomics,proteomics_22,0.9007980031677663
metabolomics,metabolomics_59,proteomics,proteomics_70,0.9193491080741415
metabolomics,metabolomics_59,proteomics,proteomics_69,0.8934176477166841
metabolomics,metabolomics_59,proteomics,proteomics_26,0.978615677928146
metabolomics,metabolomics_59,proteomics,proteomics_59,0.9245896627861049
metabolomics,metabolomics_59,proteomics,proteomics_92,0.9349784396608258
metabolomics,metabolomics_59,proteomics,proteomics_81,0.966077491112013
metabolomics,metabolomics_59,proteomics,proteomics_2,0.9169867185372268
metabolomics,metabolomics_51,proteomics,proteomics_45,0.9156502815254245
metabolomics,metabolomics_51,proteomics,proteomics_110,0.9251682370471734
metabolomics,metabolomics_51,proteomics,proteomics_22,0.9271340078860361
metabolomics,metabolomics_51,proteomics,proteomics_70,0.959926203770887
metabolomics,metabolomics_51,proteomics,proteomics_69,0.9536675584541678
metabolomics,metabolomics_51,proteomics,proteomics_26,0.9067710685896959
metabolomics,metabolomics_51,proteomics,proteomics_59,0.9701687847881714
metabolomics,metabolomics_51,proteomics,proteomics_92,0.887745602182091
metabolomics,metabolomics_51,proteomics,proteomics_81,0.9128077781538806
metabolomics,metabolomics_51,proteomics,proteomics_2,0.9019015179231448
metabolomics,metabolomics_42,proteomics,proteomics_45,0.9114108783317854
metabolomics,metabolomics_42,proteomics,proteomics_110,0.8845887935940944
metabolomics,metabolomics_42,proteomics,proteomics_22,0.9327153063570596
metabolomics,metabolomics_42,proteomics,proteomics_70,0.9489039981729489
metabolomics,metabolomics_42,proteomics,proteomics_69,0.9482729576717667
metabolomics,metabolomics_42,proteomics,proteomics_26,0.9686648070383648
metabolomics,metabolomics_42,proteomics,proteomics_59,0.9256403188807041
metabolomics,metabolomics_42,proteomics,proteomics_92,0.9431357411058164
metabolomics,metabolomics_42,proteomics,proteomics_81,0.9406312352374566
metabolomics,metabolomics_42,proteomics,proteomics_2,0.9179997800410362
metabolomics,metabolomics_50,biochemistry,biochemistry_25,0.8340388244536825
metabolomics,metabolomics_50,biochemistry,biochemistry_37,0.9266065747808955
metabolomics,metabolomics_50,biochemistry,biochemistry_14,0.8766670918430759
metabolomics,metabolomics_50,biochemistry,biochemistry_6,0.9526768786376035
metabolomics,metabolomics_50,biochemistry,biochemistry_12,0.9151290596006584
metabolomics,metabolomics_50,biochemistry,biochemistry_1,0.9180222828393962
metabolomics,metabolomics_50,biochemistry,biochemistry_10,0.9370441102288288
metabolomics,metabolomics_50,biochemistry,biochemistry_30,0.8667295721621207
metabolomics,metabolomics_30,biochemistry,biochemistry_25,0.9234434388302405
metabolomics,metabolomics_30,biochemistry,biochemistry_37,0.9355470929276781
metabolomics,metabolomics_30,biochemistry,biochemistry_14,0.9229373502368922
metabolomics,metabolomics_30,biochemistry,biochemistry_6,0.9706707476269624
metabolomics,metabolomics_30,biochemistry,biochemistry_12,0.9282322772501123
metabolomics,metabolomics_30,biochemistry,biochemistry_1,0.8622701649589187
metabolomics,metabolomics_30,biochemistry,biochemistry_10,0.9740489373456823
metabolomics,metabolomics_30,biochemistry,biochemistry_30,0.9222228778871828
metabolomics,metabolomics_13,biochemistry,biochemistry_25,0.9208892775088416
metabolomics,metabolomics_13,biochemistry,biochemistry_37,0.9114347904207456
metabolomics,metabolomics_13,biochemistry,biochemistry_14,0.8797005339972227
metabolomics,metabolomics_13,biochemistry,biochemistry_6,0.9084753509953432
metabolomics,metabolomics_13,biochemistry,biochemistry_12,0.8991188260686416
metabolomics,metabolomics_13,biochemistry,biochemistry_1,0.9677989986819182
metabolomics,metabolomics_13,biochemistry,biochemistry_10,0.9640751731274695
metabolomics,metabolomics_13,biochemistry,biochemistry_30,0.8374953493922482
metabolomics,metabolomics_16,biochemistry,biochemistry_25,0.9269944584740885
metabolomics,metabolomics_16,biochemistry,biochemistry_37,0.8926168291671294
metabolomics,metabolomics_16,biochemistry,biochemistry_14,0.9137569405615873
metabolomics,metabolomics_16,biochemistry,biochemistry_6,0.92771952164848
metabolomics,metabolomics_16,biochemistry,biochemistry_12,0.8762300963465053
metabolomics,metabolomics_16,biochemistry,biochemistry_1,0.9324867283435048
metabolomics,metabolomics_16,biochemistry,biochemistry_10,0.9488080595160723
metabolomics,metabolomics_16,biochemistry,biochemistry_30,0.9507689170776528
metabolomics,metabolomics_34,biochemistry,biochemistry_25,0.8809927370287998
metabolomics,metabolomics_34,biochemistry,biochemistry_37,0.9110390051096984
metabolomics,metabolomics_34,biochemistry,biochemistry_14,0.9467078671186584
metabolomics,metabolomics_34,biochemistry,biochemistry_6,0.9409336726970922
metabolomics,metabolomics_34,biochemistry,biochemistry_12,0.9300338505022193
metabolomics,metabolomics_34,biochemistry,biochemistry_1,0.9690389774516665
metabolomics,metabolomics_34,biochemistry,biochemistry_10,0.9416243284295717
metabolomics,metabolomics_34,biochemistry,biochemistry_30,0.9565260524871696
metabolomics,metabolomics_25,biochemistry,biochemistry_25,0.9457415799647234
metabolomics,metabolomics_25,biochemistry,biochemistry_37,0.9372507523422013
metabolomics,metabolomics_25,biochemistry,biochemistry_14,0.8881693419604492
metabolomics,metabolomics_25,biochemistry,biochemistry_6,0.8982556485709337
metabolomics,metabolomics_25,biochemistry,biochemistry_12,0.9369612268124247
metabolomics,metabolomics_25,biochemistry,biochemistry_1,0.9532526203952634
metabolomics,metabolomics_25,biochemistry,biochemistry_10,0.881293779483512
metabolomics,metabolomics_25,biochemistry,biochemistry_30,0.9266301057001758
metabolomics,metabolomics_74,biochemistry,biochemistry_25,0.8592057442853859
metabolomics,metabolomics_74,biochemistry,biochemistry_37,0.9382090220178702
metabolomics,metabolomics_74,biochemistry,biochemistry_14,0.9554595538152184
metabolomics,metabolomics_74,biochemistry,biochemistry_6,0.9112619507592686
metabolomics,metabolomics_74,biochemistry,biochemistry_12,0.8887935030756321
metabolomics,metabolomics_74,biochemistry,biochemistry_1,0.9496206975526678
metabolomics,metabolomics_74,biochemistry,biochemistry_10,0.9036148107393874
metabolomics,metabolomics_74,biochemistry,biochemistry_30,0.9677074558207155
metabolomics,metabolomics_19,biochemistry,biochemistry_25,0.9417707799558388
metabolomics,metabolomics_19,biochemistry,biochemistry_37,0.9162295608707741
metabolomics,metabolomics_19,biochemistry,biochemistry_14,0.910138259557474
metabolomics,metabolomics_19,biochemistry,biochemistry_6,0.9581787668084092
metabolomics,metabolomics_19,biochemistry,biochemistry_12,0.9391737154700813
metabolomics,metabolomics_19,biochemistry,biochemistry_1,0.9111801094521088
metabolomics,metabolomics_19,biochemistry,biochemistry_10,0.922471455949603
metabolomics,metabolomics_19,biochemistry,biochemistry_30,0.950361857524438
metabolomics,metabolomics_1,biochemistry,biochemistry_25,0.9609790537546249
metabolomics,metabolomics_1,biochemistry,biochemistry_37,0.92018488874484
metabolomics,metabolomics_1,biochemistry,biochemistry_14,0.8985108175389303
metabolomics,metabolomics_1,biochemistry,biochemistry_6,0.9362340598940578
metabolomics,metabolomics_1,biochemistry,biochemistry_12,0.8758668708672471
metabolomics,metabolomics_1,biochemistry,biochemistry_1,0.9322938499067079
metabolomics,metabolomics_1,biochemistry,biochemistry_10,0.9256072184876958
metabolomics,metabolomics_1,biochemistry,biochemistry_30,0.9057371852145742
metabolomics,metabolomics_64,biochemistry,biochemistry_25,0.9278444763030655
metabolomics,metabolomics_64,biochemistry,biochemistry_37,0.9647236566154312
metabolomics,metabolomics_64,biochemistry,biochemistry_14,0.951236369372754
metabolomics,metabolomics_64,biochemistry,biochemistry_6,0.9573533360719794
metabolomics,metabolomics_64,biochemistry,biochemistry_12,0.9408810379691033
metabolomics,metabolomics_64,biochemistry,biochemistry_1,0.8934968768498561
metabolomics,metabolomics_64,biochemistry,biochemistry_10,0.9562872203218323
metabolomics,metabolomics_64,biochemistry,biochemistry_30,0.9406568975974215
metabolomics,metabolomics_68,lipidomics,lipidomics_94,0.9547137814759968
metabolomics,metabolomics_68,lipidomics,lipidomics_24,0.9358944280770988
metabolomics,metabolomics_68,lipidomics,lipidomics_17,0.8527057425764626
metabolomics,metabolomics_68,lipidomics,lipidomics_67,0.9480290903790269
metabolomics,metabolomics_68,lipidomics,lipidomics_36,0.9478580239956538
metabolomics,metabolomics_68,lipidomics,lipidomics_75,0.9369589520674793
metabolomics,metabolomics_68,lipidomics,lipidomics_63,0.8837695516213345
metabolomics,metabolomics_68,lipidomics,lipidomics_42,0.9417914288623204
metabolomics,metabolomics_68,lipidomics,lipidomics_81,0.9236411650547215
metabolomics,metabolomics_68,lipidomics,lipidomics_10,0.9485417838555489
metabolomics,metabolomics_69,lipidomics,lipidomics_94,0.9439316130333393
metabolomics,metabolomics_69,lipidomics,lipidomics_24,0.9614575250548435
metabolomics,metabolomics_69,lipidomics,lipidomics_17,0.8823609211305986
metabolomics,metabolomics_69,lipidomics,lipidomics_67,0.9665278294643387
metabolomics,metabolomics_69,lipidomics,lipidomics_36,0.8916572084005219
metabolomics,metabolomics_69,lipidomics,lipidomics_75,0.936363130490274
metabolomics,metabolomics_69,lipidomics,lipidomics_63,0.778443645503825
metabolomics,metabolomics_69,lipidomics,lipidomics_42,0.9065444416299866
metabolomics,metabolomics_69,lipidomics,lipidomics_81,0.8790270247761317
metabolomics,metabolomics_69,lipidomics,lipidomics_10,0.9604089077481893
metabolomics,metabolomics_11,lipidomics,lipidomics_94,0.9374117329512359
metabolomics,metabolomics_11,lipidomics,lipidomics_24,0.9154112966701262
metabolomics,metabolomics_11,lipidomics,lipidomics_17,0.9705297086718053
metabolomics,metabolomics_11,lipidomics,lipidomics_67,0.8958304220598696
metabolomics,metabolomics_11,lipidomics,lipidomics_36,0.9417379898619214
metabolomics,metabolomics_11,lipidomics,lipidomics_75,0.9220916521328265
metabolomics,metabolomics_11,lipidomics,lipidomics_63,0.948566260004247
metabolomics,metabolomics_11,lipidomics,lipidomics_42,0.8712209645777569
metabolomics,metabolomics_11,lipidomics,lipidomics_81,0.941107859293034
metabolomics,metabolomics_11,lipidomics,lipidomics_10,0.9566653492317531
metabolomics,metabolomics_58,lipidomics,lipidomics_94,0.9499654299348189
metabolomics,metabolomics_58,lipidomics,lipidomics_24,0.9576457242244616
metabolomics,metabolomics_58,lipidomics,lipidomics_17,0.9608170034436386
metabolomics,metabolomics_58,lipidomics,lipidomics_67,0.9370247480190792
metabolomics,metabolomics_58,lipidomics,lipidomics_36,0.8677499933029198
metabolomics,metabolomics_58,lipidomics,lipidomics_75,0.8790083018932522
metabolomics,metabolomics_58,lipidomics,lipidomics_63,0.925392591130597
metabolomics,metabolomics_58,lipidomics,lipidomics_42,0.8898652027201877
metabolomics,metabolomics_58,lipidomics,lipidomics_81,0.9552498067135587
metabolomics,metabolomics_58,lipidomics,lipidomics_10,0.9557609710231915
metabolomics,metabolomics_43,lipidomics,lipidomics_94,0.9279546194585444
metabolomics,metabolomics_43,lipidomics,lipidomics_24,0.912747584606541
metabolomics,metabolomics_43,lipidomics,lipidomics_17,0.9663038519161997
metabolomics,metabolomics_43,lipidomics,lipidomics_67,0.9058022341433949
metabolomics,metabolomics_43,lipidomics,lipidomics_36,0.9186919873840078
metabolomics,metabolomics_43,lipidomics,lipidomics_75,0.8676179572304537
metabolomics,metabolomics_43,lipidomics,lipidomics_63,0.9128138806833321
metabolomics,metabolomics_43,lipidomics,lipidomics_42,0.8954295562491378
metabolomics,metabolomics_43,lipidomics,lipidomics_81,0.9117363467111476
metabolomics,metabolomics_43,lipidomics,lipidomics_10,0.8780422542597222
metabolomics,metabolomics_28,lipidomics,lipidomics_94,0.8980063063809223
metabolomics,metabolomics_28,lipidomics,lipidomics_24,0.8801295784785919
metabolomics,metabolomics_28,lipidomics,lipidomics_17,0.8580077743927129
metabolomics,metabolomics_28,lipidomics,lipidomics_67,0.9349254424770507
metabolomics,metabolomics_28,lipidomics,lipidomics_36,0.9394691800664764
metabolomics,metabolomics_28,lipidomics,lipidomics_75,0.9697036198693215
metabolomics,metabolomics_28,lipidomics,lipidomics_63,0.9409606784509793
metabolomics,metabolomics_28,lipidomics,lipidomics_42,0.866707690822374
metabolomics,metabolomics_28,lipidomics,lipidomics_81,0.92526311894711
metabolomics,metabolomics_28,lipidomics,lipidomics_10,0.8666969511002229
metabolomics,metabolomics_65,lipidomics,lipidomics_94,0.9444939413128601
metabolomics,metabolomics_65,lipidomics,lipidomics_24,0.964671952364835
metabolomics,metabolomics_65,lipidomics,lipidomics_17,0.9247289709052884
metabolomics,metabolomics_65,lipidomics,lipidomics_67,0.8969462117811801
metabolomics,metabolomics_65,lipidomics,lipidomics_36,0.8835169103022759
metabolomics,metabolomics_65,lipidomics,lipidomics_75,0.9442785983368898
metabolomics,metabolomics_65,lipidomics,lipidomics_63,0.9408441842329792
metabolomics,metabolomics_65,lipidomics,lipidomics_42,0.967828088816422
metabolomics,metabolomics_65,lipidomics,lipidomics_81,0.955215774328911
metabolomics,metabolomics_65,lipidomics,lipidomics_10,0.955153744600208
metabolomics,metabolomics_71,lipidomics,lipidomics_94,0.9737335109212941
metabolomics,metabolomics_71,lipidomics,lipidomics_24,0.944759211147298
metabolomics,metabolomics_71,lipidomics,lipidomics_17,0.9181674379272822
metabolomics,metabolomics_71,lipidomics,lipidomics_67,0.9438783406000659
metabolomics,metabolomics_71,lipidomics,lipidomics_36,0.8726240829384426
metabolomics,metabolomics_71,lipidomics,lipidomics_75,0.9217239792688571
metabolomics,metabolomics_71,lipidomics,lipidomics_63,0.9077416004876281
metabolomics,metabolomics_71,lipidomics,lipidomics_42,0.9388578325797803
metabolomics,metabolomics_71,lipidomics,lipidomics_81,0.9733537580532748
metabolomics,metabolomics_71,lipidomics,lipidomics_10,0.9339863850303246
metabolomics,metabolomics_16,lipidomics,lipidomics_94,0.957145641312108
metabolomics,metabolomics_16,lipidomics,lipidomics_24,0.9675143583204122
metabolomics,metabolomics_16,lipidomics,lipidomics_17,0.936978981619372
metabolomics,metabolomics_16,lipidomics,lipidomics_67,0.9671864681772611
metabolomics,metabolomics_16,lipidomics,lipidomics_36,0.8828303359362449
metabolomics,metabolomics_16,lipidomics,lipidomics_75,0.9541285910968279
metabolomics,metabolomics_16,lipidomics,lipidomics_63,0.8689398820394453
metabolomics,metabolomics_16,lipidomics,lipidomics_42,0.9232128648050953
metabolomics,metabolomics_16,lipidomics,lipidomics_81,0.9143175693102057
metabolomics,metabolomics_16,lipidomics,lipidomics_10,0.9592114562348699
metabolomics,metabolomics_23,lipidomics,lipidomics_94,0.88843239471322
metabolomics,metabolomics_23,lipidomics,lipidomics_24,0.9277863234266368
metabolomics,metabolomics_23,lipidomics,lipidomics_17,0.9512043353208771
metabolomics,metabolomics_23,lipidomics,lipidomics_67,0.8787300819365913
metabolomics,metabolomics_23,lipidomics,lipidomics_36,0.919679354726983
metabolomics,metabolomics_23,lipidomics,lipidomics_75,0.9213321661566658
metabolomics,metabolomics_23,lipidomics,lipidomics_63,0.93509692694567
metabolomics,metabolomics_23,lipidomics,lipidomics_42,0.9182747414287248
metabolomics,metabolomics_23,lipidomics,lipidomics_81,0.962465106601442
metabolomics,metabolomics_23,lipidomics,lipidomics_10,0.9242996279970734
proteomics,proteomics_30,metabolomics,metabolomics_0,0.9287896813049391
proteomics,proteomics_30,metabolomics,metabolomics_8,0.9498720314955302
proteomics,proteomics_30,metabolomics,metabolomics_3,0.8580403674344415
proteomics,proteomics_30,metabolomics,metabolomics_74,0.9076664639625698
proteomics,proteomics_30,metabolomics,metabolomics_29,0.9057156416572858
proteomics,proteomics_30,metabolomics,metabolomics_36,0.882026219867518
proteomics,proteomics_30,metabolomics,metabolomics_19,0.9457811981363374
proteomics,proteomics_30,metabolomics,metabolomics_43,0.8807905142733786
proteomics,proteomics_30,metabolomics,metabolomics_71,0.9085448259181167
proteomics,proteomics_30,metabolomics,metabolomics_60,0.9287430233482339
proteomics,proteomics_10,metabolomics,metabolomics_0,0.9470340424256392
proteomics,proteomics_10,metabolomics,metabolomics_8,0.92309065856733
proteomics,proteomics_10,metabolomics,metabolomics_3,0.9123928365603216
proteomics,proteomics_10,metabolomics,metabolomics_74,0.9694033966628088
proteomics,proteomics_10,metabolomics,metabolomics_29,0.8617182079990738
proteomics,proteomics_10,metabolomics,metabolomics_36,0.8426992747739923
proteomics,proteomics_10,metabolomics,metabolomics_19,0.9719621283412376
proteomics,proteomics_10,metabolomics,metabolomics_43,0.964039056303106
proteomics,proteomics_10,metabolomics,metabolomics_71,0.9373575333719626
proteomics,proteomics_10,metabolomics,metabolomics_60,0.9431358021269076
proteomics,proteomics_88,metabolomics,metabolomics_0,0.9538594039070069
proteomics,proteomics_88,metabolomics,metabolomics_8,0.9324425570354015
proteomics,proteomics_88,metabolomics,metabolomics_3,0.896080428986184
proteomics,proteomics_88,metabolomics,metabolomics_74,0.961459843831931
proteomics,proteomics_88,metabolomics,metabolomics_29,0.9550682403300061
proteomics,proteomics_88,metabolomics,metabolomics_36,0.9463740076646759
proteomics,proteomics_88,metabolomics,metabolomics_19,0.9497629069833393
proteomics,proteomics_88,metabolomics,metabolomics_43,0.9282797984346486
proteomics,proteomics_88,metabolomics,metabolomics_71,0.8850249658673034
proteomics,proteomics_88,metabolomics,metabolomics_60,0.9650609372411602
proteomics,proteomics_83,metabolomics,metabolomics_0,0.8587410514154376
proteomics,proteomics_83,metabolomics,metabolomics_8,0.8748356018414081
proteomics,proteomics_83,metabolomics,metabolomics_3,0.898958242452837
proteomics,proteomics_83,metabolomics,metabolomics_74,0.8748273685534343
proteomics,proteomics_83,metabolomics,metabolomics_29,0.9782840257374201
proteomics,proteomics_83,metabolomics,metabolomics_36,0.9531216127758725
proteomics,proteomics_83,metabolomics,metabolomics_19,0.8436463654422041
proteomics,proteomics_83,metabolomics,metabolomics_43,0.8869491037004903
proteomics,proteomics_83,metabolomics,metabolomics_71,0.9427856463647722
proteomics,proteomics_83,metabolomics,metabolomics_60,0.9444369756375084
proteomics,proteomics_72,metabolomics,metabolomics_0,0.9052030771440653
proteomics,proteomics_72,metabolomics,metabolomics_8,0.9284981361543
proteomics,proteomics_72,metabolomics,metabolomics_3,0.9595857088238686
proteomics,proteomics_72,metabolomics,metabolomics_74,0.9724758425691165
proteomics,proteomics_72,metabolomics,metabolomics_29,0.9692929535065071
proteomics,proteomics_72,metabolomics,metabolomics_36,0.9626965079845812
proteomics,proteomics_72,metabolomics,metabolomics_19,0.9103860562838272
proteomics,proteomics_72,metabolomics,metabolomics_43,0.9019363326902698
proteomics,proteomics_72,metabolomics,metabolomics_71,0.9053081180194313
proteomics,proteomics_72,metabolomics,metabolomics_60,0.9001244938041427
proteomics,proteomics_102,metabolomics,metabolomics_0,0.9569857511934876
proteomics,proteomics_102,metabolomics,metabolomics_8,0.8612240099552662
proteomics,proteomics_102,metabolomics,metabolomics_3,0.9212308847728634
proteomics,proteomics_102,metabolomics,metabolomics_74,0.9063154222204082
proteomics,proteomics_102,metabolomics,metabolomics_29,0.9055457906482994
proteomics,proteomics_102,metabolomics,metabolomics_36,0.8646674342004859
proteomics,proteomics_102,metabolomics,metabolomics_19,0.9497661563052806
proteomics,proteomics_102,metabolomics,metabolomics_43,0.9664352091853551
proteomics,proteomics_102,metabolomics,metabolomics_71,0.9282401545282905
proteomics,proteomics_102,metabolomics,metabolomics_60,0.9383545105263049
proteomics,proteomics_59,metabolomics,metabolomics_0,0.9397208873762246
proteomics,proteomics_59,metabolomics,metabolomics_8,0.8724925504268659
proteomics,proteomics_59,metabolomics,metabolomics_3,0.8815800564160705
proteomics,proteomics_59,metabolomics,metabolomics_74,0.9226095363924922
proteomics,proteomics_59,metabolomics,metabolomics_29,0.9583855180556263
proteomics,proteomics_59,metabolomics,metabolomics_36,0.964863087384394
proteomics,proteomics_59,metabolomics,metabolomics_19,0.9428363020896351
proteomics,proteomics_59,metabolomics,metabolomics_43,0.9305733647532805
proteomics,proteomics_59,metabolomics,metabolomics_71,0.9264905016955256
proteomics,proteomics_59,metabolomics,metabolomics_60,0.9099286547759868
proteomics,proteomics_39,metabolomics,metabolomics_0,0.9500087595985681
proteomics,proteomics_39,metabolomics,metabolomics_8,0.906704749329208
proteomics,proteomics_39,metabolomics,metabolomics_3,0.9285133343604525
proteomics,proteomics_39,metabolomics,metabolomics_74,0.811925592610105
proteomics,proteomics_39,metabolomics,metabolomics_29,0.9494600408329381
proteomics,proteomics_39,metabolomics,metabolomics_36,0.9414249514594815
proteomics,proteomics_39,metabolomics,metabolomics_19,0.9443955262770576
proteomics,proteomics_39,metabolomics,metabolomics_43,0.9253011655111161
proteomics,proteomics_39,metabolomics,metabolomics_71,0.9500064193609772
proteomics,proteomics_39,metabolomics,metabolomics_60,0.9466590842718474
proteomics,proteomics_3,metabolomics,metabolomics_0,0.9366727125505326
proteomics,proteomics_3,metabolomics,metabolomics_8,0.8703561773857901
proteomics,proteomics_3,metabolomics,metabolomics_3,0.8811378475003879
proteomics,proteomics_3,metabolomics,metabolomics_74,0.9249296132656724
proteomics,proteomics_3,metabolomics,metabolomics_29,0.9095908629001536
proteomics,proteomics_3,metabolomics,metabolomics_36,0.9432948927563334
proteomics,proteomics_3,metabolomics,metabolomics_19,0.9421116186325723
proteomics,proteomics_3,metabolomics,metabolomics_43,0.9577767423851904
proteomics,proteomics_3,metabolomics,metabolomics_71,0.9655512452696862
proteomics,proteomics_3,metabolomics,metabolomics_60,0.9697848635925638
proteomics,proteomics_8,metabolomics,metabolomics_0,0.9375455072352531
proteomics,proteomics_8,metabolomics,metabolomics_8,0.9257102126984007
proteomics,proteomics_8,metabolomics,metabolomics_3,0.9337568809665033
proteomics,proteomics_8,metabolomics,metabolomics_74,0.9149170891742618
proteomics,proteomics_8,metabolomics,metabolomics_29,0.9343835611311563
proteomics,proteomics_8,metabolomics,metabolomics_36,0.9019280741620829
proteomics,proteomics_8,metabolomics,metabolomics_19,0.9545526211379506
proteomics,proteomics_8,metabolomics,metabolomics_43,0.9471748786799251
proteomics,proteomics_8,metabolomics,metabolomics_71,0.8919832775647296
proteomics,proteomics_8,metabolomics,metabolomics_60,0.9329367054875967
proteomics,proteomics_57,biochemistry,biochemistry_7,0.9308359028410029
proteomics,proteomics_57,biochemistry,biochemistry_19,0.9062848379627746
proteomics,proteomics_57,biochemistry,biochemistry_35,0.9657311050711429
proteomics,proteomics_57,biochemistry,biochemistry_17,0.8861927913871241
proteomics,proteomics_57,biochemistry,biochemistry_5,0.9081521238793939
proteomics,proteomics_57,biochemistry,biochemistry_13,0.9383484204873549
proteomics,proteomics_57,biochemistry,biochemistry_3,0.9532723522380823
proteomics,proteomics_57,biochemistry,biochemistry_37,0.8943163676639853
proteomics,proteomics_5,biochemistry,biochemistry_7,0.9590984376126591
proteomics,proteomics_5,biochemistry,biochemistry_19,0.955810322176223
proteomics,proteomics_5,biochemistry,biochemistry_35,0.9061845759241404
proteomics,proteomics_5,biochemistry,biochemistry_17,0.9235753933560189
proteomics,proteomics_5,biochemistry,biochemistry_5,0.9702536661424683
proteomics,proteomics_5,biochemistry,biochemistry_13,0.9657413956077943
proteomics,proteomics_5,biochemistry,biochemistry_3,0.8885319387368772
proteomics,proteomics_5,biochemistry,biochemistry_37,0.8757518683383118
proteomics,proteomics_65,biochemistry,biochemistry_7,0.8695069601153601
proteomics,proteomics_65,biochemistry,biochemistry_19,0.936208364464385
proteomics,proteomics_65,biochemistry,biochemistry_35,0.9397796290517597
proteomics,proteomics_65,biochemistry,biochemistry_17,0.939711293389136
proteomics,proteomics_65,biochemistry,biochemistry_5,0.8387587740075336
proteomics,proteomics_65,biochemistry,biochemistry_13,0.8634665297189986
proteomics,proteomics_65,biochemistry,biochemistry_3,0.8650904401971761
proteomics,proteomics_65,biochemistry,biochemistry_37,0.9185904402025222
proteomics,proteomics_75,biochemistry,biochemistry_7,0.9350146405683855
proteomics,proteomics_75,biochemistry,biochemistry_19,0.9324323914530511
proteomics,proteomics_75,biochemistry,biochemistry_35,0.9239580522737442
proteomics,proteomics_75,biochemistry,biochemistry_17,0.9399397513115082
proteomics,proteomics_75,biochemistry,biochemistry_5,0.9264649170887285
proteomics,proteomics_75,biochemistry,biochemistry_13,0.9424922936169056
proteomics,proteomics_75,biochemistry,biochemistry_3,0.9038432754183702
proteomics,proteomics_75,biochemistry,biochemistry_37,0.884974756727817
proteomics,proteomics_77,biochemistry,biochemistry_7,0.9612228028907025
proteomics,proteomics_77,biochemistry,biochemistry_19,0.8647902785495298
proteomics,proteomics_77,biochemistry,biochemistry_35,0.9217919519144332
proteomics,proteomics_77,biochemistry,biochemistry_17,0.8966293261779439
proteomics,proteomics_77,biochemistry,biochemistry_5,0.9511891300294243
proteomics,proteomics_77,biochemistry,biochemistry_13,0.9022215048888241
proteomics,proteomics_77,biochemistry,biochemistry_3,0.9088314905099703
proteomics,proteomics_77,biochemistry,biochemistry_37,0.9291089632701754
proteomics,proteomics_93,biochemistry,biochemistry_7,0.9502536138704497
proteomics,proteomics_93,biochemistry,biochemistry_19,0.8891138081606133
proteomics,proteomics_93,biochemistry,biochemistry_35,0.8998546919709796
proteomics,proteomics_93,biochemistry,biochemistry_17,0.9474979719144464
proteomics,proteomics_93,biochemistry,biochemistry_5,0.958327642899419
proteomics,proteomics_93,biochemistry,biochemistry_13,0.9300225489535314
proteomics,proteomics_93,biochemistry,biochemistry_3,0.9333902590571604
proteomics,proteomics_93,biochemistry,biochemistry_37,0.9421862229093672
proteomics,proteomics_105,biochemistry,biochemistry_7,0.8778514495789477
proteomics,proteomics_105,biochemistry,biochemistry_19,0.9256853637863136
proteomics,proteomics_105,biochemistry,biochemistry_35,0.9238826189345161
proteomics,proteomics_105,biochemistry,biochemistry_17,0.9303759300655833
proteomics,proteomics_105,biochemistry,biochemistry_5,0.9394384115110819
proteomics,proteomics_105,biochemistry,biochemistry_13,0.8792489782624426
proteomics,proteomics_105,biochemistry,biochemistry_3,0.9629094096128228
proteomics,proteomics_105,biochemistry,biochemistry_37,0.8693529181634628
proteomics,proteomics_46,biochemistry,biochemistry_7,0.9223578004263118
proteomics,proteomics_46,biochemistry,biochemistry_19,0.8678298909310833
proteomics,proteomics_46,biochemistry,biochemistry_35,0.8936440926252075
proteomics,proteomics_46,biochemistry,biochemistry_17,0.9048836388599745
proteomics,proteomics_46,biochemistry,biochemistry_5,0.9554139243945278
proteomics,proteomics_46,biochemistry,biochemistry_13,0.9671957811714581
proteomics,proteomics_46,biochemistry,biochemistry_3,0.9669091725560446
proteomics,proteomics_46,biochemistry,biochemistry_37,0.9061970228973741
proteomics,proteomics_99,biochemistry,biochemistry_7,0.8601910828844681
proteomics,proteomics_99,biochemistry,biochemistry_19,0.9671543340942894
proteomics,proteomics_99,biochemistry,biochemistry_35,0.8881176526467273
proteomics,proteomics_99,biochemistry,biochemistry_17,0.9439970056992181
proteomics,proteomics_99,biochemistry,biochemistry_5,0.8615225193251771
proteomics,proteomics_99,biochemistry,biochemistry_13,0.9631286534611669
proteomics,proteomics_99,biochemistry,biochemistry_3,0.9456636899359648
proteomics,proteomics_99,biochemistry,biochemistry_37,0.9354679563475251
proteomics,proteomics_8,biochemistry,biochemistry_7,0.9518304572121458
proteomics,proteomics_8,biochemistry,biochemistry_19,0.9601130357877865
proteomics,proteomics_8,biochemistry,biochemistry_35,0.9457384715067165
proteomics,proteomics_8,biochemistry,biochemistry_17,0.9430180161361459
proteomics,proteomics_8,biochemistry,biochemistry_5,0.9249771442463334
proteomics,proteomics_8,biochemistry,biochemistry_13,0.9559971159279184
proteomics,proteomics_8,biochemistry,biochemistry_3,0.9394384688526316
proteomics,proteomics_8,biochemistry,biochemistry_37,0.9631276392958923
proteomics,proteomics_48,lipidomics,lipidomics_85,0.9035364651790364
proteomics,proteomics_48,lipidomics,lipidomics_13,0.8475628213769552
proteomics,proteomics_48,lipidomics,lipidomics_68,0.9562035323306304
proteomics,proteomics_48,lipidomics,lipidomics_42,0.8919602396625441
proteomics,proteomics_48,lipidomics,lipidomics_40,0.9652041315466829
proteomics,proteomics_48,lipidomics,lipidomics_96,0.8970404783804563
proteomics,proteomics_48,lipidomics,lipidomics_63,0.9150958363415574
proteomics,proteomics_48,lipidomics,lipidomics_8,0.9104002921829402
proteomics,proteomics_48,lipidomics,lipidomics_24,0.9347333509859033
proteomics,proteomics_48,lipidomics,lipidomics_51,0.9753908658795463
proteomics,proteomics_86,lipidomics,lipidomics_85,0.9062133532488219
proteomics,proteomics_86,lipidomics,lipidomics_13,0.9804398538384747
proteomics,proteomics_86,lipidomics,lipidomics_68,0.889598089287439
proteomics,proteomics_86,lipidomics,lipidomics_42,0.9466129356817161
proteomics,proteomics_86,lipidomics,lipidomics_40,0.9535976612864702
proteomics,proteomics_86,lipidomics,lipidomics_96,0.9307903892962122
proteomics,proteomics_86,lipidomics,lipidomics_63,0.9231728571008505
proteomics,proteomics_86,lipidomics,lipidomics_8,0.9515368346539332
proteomics,proteomics_86,lipidomics,lipidomics_24,0.9545013179805629
proteomics,proteomics_86,lipidomics,lipidomics_51,0.9146724017877569
proteomics,proteomics_74,lipidomics,lipidomics_85,0.9632602169543362
proteomics,proteomics_74,lipidomics,lipidomics_13,0.9431270491035831
proteomics,proteomics_74,lipidomics,lipidomics_68,0.9651560147701432
proteomics,proteomics_74,lipidomics,lipidomics_42,0.8897502546630757
proteomics,proteomics_74,lipidomics,lipidomics_40,0.9177867847972734
proteomics,proteomics_74,lipidomics,lipidomics_96,0.9435941380529002
proteomics,proteomics_74,lipidomics,lipidomics_63,0.9398726303955999
proteomics,proteomics_74,lipidomics,lipidomics_8,0.9247705870618325
proteomics,proteomics_74,lipidomics,lipidomics_24,0.9534716275648644
proteomics,proteomics_74,lipidomics,lipidomics_51,0.8848506689298213
proteomics,proteomics_42,lipidomics,lipidomics_85,0.9471392119668788
proteomics,proteomics_42,lipidomics,lipidomics_13,0.9562142306818019
proteomics,proteomics_42,lipidomics,lipidomics_68,0.9140548736488416
proteomics,proteomics_42,lipidomics,lipidomics_42,0.8772876639068334
proteomics,proteomics_42,lipidomics,lipidomics_40,0.9352162475600976
proteomics,proteomics_42,lipidomics,lipidomics_96,0.9016140811932868
proteomics,proteomics_42,lipidomics,lipidomics_63,0.9370868232672158
proteomics,proteomics_42,lipidomics,lipidomics_8,0.8490184596144894
proteomics,proteomics_42,lipidomics,lipidomics_24,0.9619937794336734
proteomics,proteomics_42,lipidomics,lipidomics_51,0.9308117241226532
proteomics,proteomics_118,lipidomics,lipidomics_85,0.8892179867424794
proteomics,proteomics_118,lipidomics,lipidomics_13,0.9645069089869486
proteomics,proteomics_118,lipidomics,lipidomics_68,0.8785972035878826
proteomics,proteomics_118,lipidomics,lipidomics_42,0.8974610275465474
proteomics,proteomics_118,lipidomics,lipidomics_40,0.8910612001258958
proteomics,proteomics_118,lipidomics,lipidomics_96,0.8219893863072418
proteomics,proteomics_118,lipidomics,lipidomics_63,0.9157297740489792
proteomics,proteomics_118,lipidomics,lipidomics_8,0.9585256851476751
proteomics,proteomics_118,lipidomics,lipidomics_24,0.9499012855947234
proteomics,proteomics_118,lipidomics,lipidomics_51,0.9652796078446995
proteomics,proteomics_111,lipidomics,lipidomics_85,0.9465941946969756
proteomics,proteomics_111,lipidomics,lipidomics_13,0.9626893323281288
proteomics,proteomics_111,lipidomics,lipidomics_68,0.9365343688718645
proteomics,proteomics_111,lipidomics,lipidomics_42,0.9178628755367522
proteomics,proteomics_111,lipidomics,lipidomics_40,0.8823270210118461
proteomics,proteomics_111,lipidomics,lipidomics_96,0.9429095898866552
proteomics,proteomics_111,lipidomics,lipidomics_63,0.9489689984602273
proteomics,proteomics_111,lipidomics,lipidomics_8,0.9117402863273493
proteomics,proteomics_111,lipidomics,lipidomics_24,0.9718175634246223
proteomics,proteomics_111,lipidomics,lipidomics_51,0.9198714091779243
proteomics,proteomics_102,lipidomics,lipidomics_85,0.9278608450072492
proteomics,proteomics_102,lipidomics,lipidomics_13,0.907288397834777
proteomics,proteomics_102,lipidomics,lipidomics_68,0.959973595055245
proteomics,proteomics_102,lipidomics,lipidomics_42,0.9570278507186496
proteomics,proteomics_102,lipidomics,lipidomics_40,0.9316996919249634
proteomics,proteomics_102,lipidomics,lipidomics_96,0.870007071501521
proteomics,proteomics_102,lipidomics,lipidomics_63,0.895405788005028
proteomics,proteomics_102,lipidomics,lipidomics_8,0.9625485831499635
proteomics,proteomics_102,lipidomics,lipidomics_24,0.9566034089841053
proteomics,proteomics_102,lipidomics,lipidomics_51,0.9595670683014924
proteomics,proteomics_61,lipidomics,lipidomics_85,0.9238734578787254
proteomics,proteomics_61,lipidomics,lipidomics_13,0.9297099059197065
proteomics,proteomics_61,lipidomics,lipidomics_68,0.9062629399959313
proteomics,proteomics_61,lipidomics,lipidomics_42,0.9402248027637274
proteomics,proteomics_61,lipidomics,lipidomics_40,0.9407872835231484
proteomics,proteomics_61,lipidomics,lipidomics_96,0.8571420571654917
proteomics,proteomics_61,lipidomics,lipidomics_63,0.8793825070844912
proteomics,proteomics_61,lipidomics,lipidomics_8,0.9349783503319978
proteomics,proteomics_61,lipidomics,lipidomics_24,0.9322334353939215
proteomics,proteomics_61,lipidomics,lipidomics_51,0.8224908322468518
proteomics,proteomics_58,lipidomics,lipidomics_85,0.910589665229124
proteomics,proteomics_58,lipidomics,lipidomics_13,0.8690367569987562
proteomics,proteomics_58,lipidomics,lipidomics_68,0.9261637725279337
proteomics,proteomics_58,lipidomics,lipidomics_42,0.9328793774890636
proteomics,proteomics_58,lipidomics,lipidomics_40,0.9723264189434823
proteomics,proteomics_58,lipidomics,lipidomics_96,0.9164933519527233
proteomics,proteomics_58,lipidomics,lipidomics_63,0.9023049958002951
proteomics,proteomics_58,lipidomics,lipidomics_8,0.9264050458116013
proteomics,proteomics_58,lipidomics,lipidomics_24,0.8507057340419877
proteomics,proteomics_58,lipidomics,lipidomics_51,0.9144772312631864
proteomics,proteomics_18,lipidomics,lipidomics_85,0.8935960544716355
proteomics,proteomics_18,lipidomics,lipidomics_13,0.9662904480861815
proteomics,proteomics_18,lipidomics,lipidomics_68,0.9170712659045843
proteomics,proteomics_18,lipidomics,lipidomics_42,0.9165507127165284
proteomics,proteomics_18,lipidomics,lipidomics_40,0.8679220090125799
proteomics,proteomics_18,lipidomics,lipidomics_96,0.9187769608983348
proteomics,proteomics_18,lipidomics,lipidomics_63,0.9362413620017115
proteomics,proteomics_18,lipidomics,lipidomics_8,0.9595322944060286
proteomics,proteomics_18,lipidomics,lipidomics_24,0.9198503553118664
proteomics,proteomics_18,lipidomics,lipidomics_51,0.9393942402313208
biochemistry,biochemistry_32,metabolomics,metabolomics_50,0.9409465330918343
biochemistry,biochemistry_32,metabolomics,metabolomics_25,0.8730626598715593
biochemistry,biochemistry_32,metabolomics,metabolomics_28,0.9153688097635988
biochemistry,biochemistry_32,metabolomics,metabolomics_14,0.9493129923048738
biochemistry,biochemistry_32,metabolomics,metabolomics_56,0.9387679055732251
biochemistry,biochemistry_32,metabolomics,metabolomics_30,0.9553623190969133
biochemistry,biochemistry_32,metabolomics,metabolomics_5,0.9337135968750622
biochemistry,biochemistry_32,metabolomics,metabolomics_55,0.8997362871365211
biochemistry,biochemistry_32,metabolomics,metabolomics_64,0.8785830393535621
biochemistry,biochemistry_32,metabolomics,metabolomics_39,0.9614987182120782
biochemistry,biochemistry_11,metabolomics,metabolomics_50,0.9583252376789817
biochemistry,biochemistry_11,metabolomics,metabolomics_25,0.9117454814632656
biochemistry,biochemistry_11,metabolomics,metabolomics_28,0.9340797767036407
biochemistry,biochemistry_11,metabolomics,metabolomics_14,0.8608062040430082
biochemistry,biochemistry_11,metabolomics,metabolomics_56,0.9030446976528418
biochemistry,biochemistry_11,metabolomics,metabolomics_30,0.8771601563927769
biochemistry,biochemistry_11,metabolomics,metabolomics_5,0.88400429940081
biochemistry,biochemistry_11,metabolomics,metabolomics_55,0.8513096729503709
biochemistry,biochemistry_11,metabolomics,metabolomics_64,0.8462336871181605
biochemistry,biochemistry_11,metabolomics,metabolomics_39,0.9175323727541489
biochemistry,biochemistry_14,metabolomics,metabolomics_50,0.9369387732145399
biochemistry,biochemistry_14,metabolomics,metabolomics_25,0.9145515396449196
biochemistry,biochemistry_14,metabolomics,metabolomics_28,0.9414904650439203
biochemistry,biochemistry_14,metabolomics,metabolomics_14,0.9423971725793369
biochemistry,biochemistry_14,metabolomics,metabolomics_56,0.9098173659349829
biochemistry,biochemistry_14,metabolomics,metabolomics_30,0.9394645422753017
biochemistry,biochemistry_14,metabolomics,metabolomics_5,0.8913269939482208
biochemistry,biochemistry_14,metabolomics,metabolomics_55,0.8880943834499899
biochemistry,biochemistry_14,metabolomics,metabolomics_64,0.9604751790424185
biochemistry,biochemistry_14,metabolomics,metabolomics_39,0.8715220755561662
biochemistry,biochemistry_27,metabolomics,metabolomics_50,0.9025487981548486
biochemistry,biochemistry_27,metabolomics,metabolomics_25,0.8891478414022962
biochemistry,biochemistry_27,metabolomics,metabolomics_28,0.900950004178014
biochemistry,biochemistry_27,metabolomics,metabolomics_14,0.9649360936673335
biochemistry,biochemistry_27,metabolomics,metabolomics_56,0.9721460921557432
biochemistry,biochemistry_27,metabolomics,metabolomics_30,0.8944662052476803
biochemistry,biochemistry_27,metabolomics,metabolomics_5,0.9135588830908107
biochemistry,biochemistry_27,metabolomics,metabolomics_55,0.9041393125663708
biochemistry,biochemistry_27,metabolomics,metabolomics_64,0.9423085584431048
biochemistry,biochemistry_27,metabolomics,metabolomics_39,0.930052516799931
biochemistry,biochemistry_5,metabolomics,metabolomics_50,0.834634232395599
biochemistry,biochemistry_5,metabolomics,metabolomics_25,0.9226301434145483
biochemistry,biochemistry_5,metabolomics,metabolomics_28,0.9653302680541429
biochemistry,biochemistry_5,metabolomics,metabolomics_14,0.9598627560162291
biochemistry,biochemistry_5,metabolomics,metabolomics_56,0.9066525513122111
biochemistry,biochemistry_5,metabolomics,metabolomics_30,0.9420327815772765
biochemistry,biochemistry_5,metabolomics,metabolomics_5,0.9712152599620018
biochemistry,biochemistry_5,metabolomics,metabolomics_55,0.914221163251648
biochemistry,biochemistry_5,metabolomics,metabolomics_64,0.9450433544236987
biochemistry,biochemistry_5,metabolomics,metabolomics_39,0.9200265710728818
biochemistry,biochemistry_15,metabolomics,metabolomics_50,0.9407790392087528
biochemistry,biochemistry_15,metabolomics,metabolomics_25,0.9433840873527598
biochemistry,biochemistry_15,metabolomics,metabolomics_28,0.895040437429485
biochemistry,biochemistry_15,metabolomics,metabolomics_14,0.9350246478307066
biochemistry,biochemistry_15,metabolomics,metabolomics_56,0.9363083204848696
biochemistry,biochemistry_15,metabolomics,metabolomics_30,0.9232910007532532
biochemistry,biochemistry_15,metabolomics,metabolomics_5,0.9132006261325334
biochemistry,biochemistry_15,metabolomics,metabolomics_55,0.9343204575899416
biochemistry,biochemistry_15,metabolomics,metabolomics_64,0.9292209821266413
biochemistry,biochemistry_15,metabolomics,metabolomics_39,0.921467864330334
biochemistry,biochemistry_23,metabolomics,metabolomics_50,0.9385543058643125
biochemistry,biochemistry_23,metabolomics,metabolomics_25,0.9513362618151064
biochemistry,biochemistry_23,metabolomics,metabolomics_28,0.9473919705669012
biochemistry,biochemistry_23,metabolomics,metabolomics_14,0.957431968594466
biochemistry,biochemistry_23,metabolomics,metabolomics_56,0.9293120011679237
biochemistry,biochemistry_23,metabolomics,metabolomics_30,0.9122041446002364
biochemistry,biochemistry_23,metabolomics,metabolomics_5,0.9607995626176735
biochemistry,biochemistry_23,metabolomics,metabolomics_55,0.9287183829732298
biochemistry,biochemistry_23,metabolomics,metabolomics_64,0.9295034706007539
biochemistry,biochemistry_23,metabolomics,metabolomics_39,0.9580687979797323
biochemistry,biochemistry_39,metabolomics,metabolomics_50,0.9630441830221873
biochemistry,biochemistry_39,metabolomics,metabolomics_25,0.9499431783377632
biochemistry,biochemistry_39,metabolomics,metabolomics_28,0.9294936309957164
biochemistry,biochemistry_39,metabolomics,metabolomics_14,0.9194407957538506
biochemistry,biochemistry_39,metabolomics,metabolomics_56,0.9491041859283554
biochemistry,biochemistry_39,metabolomics,metabolomics_30,0.9112469642742699
biochemistry,biochemistry_39,metabolomics,metabolomics_5,0.8280381089621096
biochemistry,biochemistry_39,metabolomics,metabolomics_55,0.9346033029547529
biochemistry,biochemistry_39,metabolomics,metabolomics_64,0.9208055221716456
biochemistry,biochemistry_39,metabolomics,metabolomics_39,0.920851874251023
biochemistry,biochemistry_27,proteomics,proteomics_30,0.8256832000672084
biochemistry,biochemistry_27,proteomics,proteomics_7,0.952166593278898
biochemistry,biochemistry_27,proteomics,proteomics_27,0.8963177407504117
biochemistry,biochemistry_27,proteomics,proteomics_56,0.9482048437807173
biochemistry,biochemistry_27,proteomics,proteomics_45,0.9155530984389801
biochemistry,biochemistry_27,proteomics,proteomics_86,0.9158764824200968
biochemistry,biochemistry_27,proteomics,proteomics_35,0.9532444036896494
biochemistry,biochemistry_27,proteomics,proteomics_78,0.9055129338334089
biochemistry,biochemistry_27,proteomics,proteomics_49,0.9419447175565901
biochemistry,biochemistry_27,proteomics,proteomics_57,0.936546502610961
biochemistry,biochemistry_29,proteomics,proteomics_30,0.9361838685979927
biochemistry,biochemistry_29,proteomics,proteomics_7,0.8920360611356343
biochemistry,biochemistry_29,proteomics,proteomics_27,0.9499269027987964
biochemistry,biochemistry_29,proteomics,proteomics_56,0.9494887865570534
biochemistry,biochemistry_29,proteomics,proteomics_45,0.9518910396411783
biochemistry,biochemistry_29,proteomics,proteomics_86,0.9580930361724601
biochemistry,biochemistry_29,proteomics,proteomics_35,0.9630323774754166
biochemistry,biochemistry_29,proteomics,proteomics_78,0.9312490302784584
biochemistry,biochemistry_29,proteomics,proteomics_49,0.9608449251198021
biochemistry,biochemistry_29,proteomics,proteomics_57,0.914444583529131
biochemistry,biochemistry_38,proteomics,proteomics_30,0.9503181319817766
biochemistry,biochemistry_38,proteomics,proteomics_7,0.869030555595075
biochemistry,biochemistry_38,proteomics,proteomics_27,0.8991408864389754
biochemistry,biochemistry_38,proteomics,proteomics_56,0.9605022386069998
biochemistry,biochemistry_38,proteomics,proteomics_45,0.9308464232234411
biochemistry,biochemistry_38,proteomics,proteomics_86,0.9413112437251451
biochemistry,biochemistry_38,proteomics,proteomics_35,0.8876496644262973
biochemistry,biochemistry_38,proteomics,proteomics_78,0.9640082596085358
biochemistry,biochemistry_38,proteomics,proteomics_49,0.9225254372027651
biochemistry,biochemistry_38,proteomics,proteomics_57,0.9089047342856164
biochemistry,biochemistry_7,proteomics,proteomics_30,0.8802265500889905
biochemistry,biochemistry_7,proteomics,proteomics_7,0.9099663326899149
biochemistry,biochemistry_7,proteomics,proteomics_27,0.9040986803576874
biochemistry,biochemistry_7,proteomics,proteomics_56,0.9136119734763308
biochemistry,biochemistry_7,proteomics,proteomics_45,0.8331662404608217
biochemistry,biochemistry_7,proteomics,proteomics_86,0.9655282152635433
biochemistry,biochemistry_7,proteomics,proteomics_35,0.9195544456225604
biochemistry,biochemistry_7,proteomics,proteomics_78,0.8768204542809525
biochemistry,biochemistry_7,proteomics,proteomics_49,0.8687728656849687
biochemistry,biochemistry_7,proteomics,proteomics_57,0.9131978080192191
biochemistry,biochemistry_6,proteomics,proteomics_30,0.9344314941151773
biochemistry,biochemistry_6,proteomics,proteomics_7,0.9265816573776364
biochemistry,biochemistry_6,proteomics,proteomics_27,0.9216544200547075
biochemistry,biochemistry_6,proteomics,proteomics_56,0.9576884860334902
biochemistry,biochemistry_6,proteomics,proteomics_45,0.8814305921506791
biochemistry,biochemistry_6,proteomics,proteomics_86,0.8289447238342884
biochemistry,biochemistry_6,proteomics,proteomics_35,0.9510935687913424
biochemistry,biochemistry_6,proteomics,proteomics_78,0.9321109170357696
biochemistry,biochemistry_6,proteomics,proteomics_49,0.9034220003513322
biochemistry,biochemistry_6,proteomics,proteomics_57,0.8685243486124654
biochemistry,biochemistry_14,proteomics,proteomics_30,0.9497248490042718
biochemistry,biochemistry_14,proteomics,proteomics_7,0.9573780743527233
biochemistry,biochemistry_14,proteomics,proteomics_27,0.9506859964578274
biochemistry,biochemistry_14,proteomics,proteomics_56,0.8767745733521936
biochemistry,biochemistry_14,proteomics,proteomics_45,0.8658028911973116
biochemistry,biochemistry_14,proteomics,proteomics_86,0.9606102287505554
biochemistry,biochemistry_14,proteomics,proteomics_35,0.9487639563798425
biochemistry,biochemistry_14,proteomics,proteomics_78,0.9723316167909726
biochemistry,biochemistry_14,proteomics,proteomics_49,0.9216908115385054
biochemistry,biochemistry_14,proteomics,proteomics_57,0.9171278198986582
biochemistry,biochemistry_1,proteomics,proteomics_30,0.9041806085364467
biochemistry,biochemistry_1,proteomics,proteomics_7,0.876957782548958
biochemistry,biochemistry_1,proteomics,proteomics_27,0.9462780690909948
biochemistry,biochemistry_1,proteomics,proteomics_56,0.9666495645876922
biochemistry,biochemistry_1,proteomics,proteomics_45,0.8928152355615323
biochemistry,biochemistry_1,proteomics,proteomics_86,0.9178617524264174
biochemistry,biochemistry_1,proteomics,proteomics_35,0.9439605632025092
biochemistry,biochemistry_1,proteomics,proteomics_78,0.828819773748989
biochemistry,biochemistry_1,proteomics,proteomics_49,0.913138026744542
biochemistry,biochemistry_1,proteomics,proteomics_57,0.9176321572894003
biochemistry,biochemistry_37,proteomics,proteomics_30,0.9076949748989498
biochemistry,biochemistry_37,proteomics,proteomics_7,0.9614434245432673
biochemistry,biochemistry_37,proteomics,proteomics_27,0.9071523264195183
biochemistry,biochemistry_37,proteomics,proteomics_56,0.9516986084488868
biochemistry,biochemistry_37,proteomics,proteomics_45,0.9682406541416824
biochemistry,biochemistry_37,proteomics,proteomics_86,0.9726127866043272
biochemistry,biochemistry_37,proteomics,proteomics_35,0.905178683190068
biochemistry,biochemistry_37,proteomics,proteomics_78,0.8937804043598547
biochemistry,biochemistry_37,proteomics,proteomics_49,0.9348344156952816
biochemistry,biochemistry_37,proteomics,proteomics_57,0.864022417400888
biochemistry,biochemistry_8,lipidomics,lipidomics_74,0.9211752711240406
biochemistry,biochemistry_8,lipidomics,lipidomics_92,0.9213055057062559
biochemistry,biochemistry_8,lipidomics,lipidomics_72,0.9704366051512138
biochemistry,biochemistry_8,lipidomics,lipidomics_16,0.9346206595327489
biochemistry,biochemistry_8,lipidomics,lipidomics_11,0.938000885292844
biochemistry,biochemistry_8,lipidomics,lipidomics_67,0.942951299285594
biochemistry,biochemistry_8,lipidomics,lipidomics_69,0.952074860355764
biochemistry,biochemistry_8,lipidomics,lipidomics_3,0.9044261448493425
biochemistry,biochemistry_8,lipidomics,lipidomics_30,0.97180487894569
biochemistry,biochemistry_8,lipidomics,lipidomics_27,0.941490539228361
biochemistry,biochemistry_25,lipidomics,lipidomics_74,0.9629897376547628
biochemistry,biochemistry_25,lipidomics,lipidomics_92,0.9424772058805113
biochemistry,biochemistry_25,lipidomics,lipidomics_72,0.9495995294274768
biochemistry,biochemistry_25,lipidomics,lipidomics_16,0.9705840101210299
biochemistry,biochemistry_25,lipidomics,lipidomics_11,0.9491861573824658
biochemistry,biochemistry_25,lipidomics,lipidomics_67,0.9107794312612834
biochemistry,biochemistry_25,lipidomics,lipidomics_69,0.8898919390720696
biochemistry,biochemistry_25,lipidomics,lipidomics_3,0.9382731867965007
biochemistry,biochemistry_25,lipidomics,lipidomics_30,0.9412344014154759
biochemistry,biochemistry_25,lipidomics,lipidomics_27,0.9495673059489176
biochemistry,biochemistry_38,lipidomics,lipidomics_74,0.9055497875844957
biochemistry,biochemistry_38,lipidomics,lipidomics_92,0.9311032153016268
biochemistry,biochemistry_38,lipidomics,lipidomics_72,0.8708855062600385
biochemistry,biochemistry_38,lipidomics,lipidomics_16,0.9315045040302726
biochemistry,biochemistry_38,lipidomics,lipidomics_11,0.9617456193183108
biochemistry,biochemistry_38,lipidomics,lipidomics_67,0.9126053164614674
biochemistry,biochemistry_38,lipidomics,lipidomics_69,0.9024532414813036
biochemistry,biochemistry_38,lipidomics,lipidomics_3,0.9242642455937614
biochemistry,biochemistry_38,lipidomics,lipidomics_30,0.9708981632134017
biochemistry,biochemistry_38,lipidomics,lipidomics_27,0.8722729586493744
biochemistry,biochemistry_30,lipidomics,lipidomics_74,0.9090445606986924
biochemistry,biochemistry_30,lipidomics,lipidomics_92,0.9365017159348047
biochemistry,biochemistry_30,lipidomics,lipidomics_72,0.9367080525856272
biochemistry,biochemistry_30,lipidomics,lipidomics_16,0.8630432135142891
biochemistry,biochemistry_30,lipidomics,lipidomics_11,0.9377147518901837
biochemistry,biochemistry_30,lipidomics,lipidomics_67,0.915283478907682
biochemistry,biochemistry_30,lipidomics,lipidomics_69,0.9366526895438303
biochemistry,biochemistry_30,lipidomics,lipidomics_3,0.8891667577414293
biochemistry,biochemistry_30,lipidomics,lipidomics_30,0.8518705531665846
biochemistry,biochemistry_30,lipidomics,lipidomics_27,0.9598836962018555
biochemistry,biochemistry_15,lipidomics,lipidomics_74,0.8973718943601121
biochemistry,biochemistry_15,lipidomics,lipidomics_92,0.9034611242949836
biochemistry,biochemistry_15,lipidomics,lipidomics_72,0.9105180790042859
biochemistry,biochemistry_15,lipidomics,lipidomics_16,0.9356388852504934
biochemistry,biochemistry_15,lipidomics,lipidomics_11,0.884098065821102
biochemistry,biochemistry_15,lipidomics,lipidomics_67,0.977986768621832
biochemistry,biochemistry_15,lipidomics,lipidomics_69,0.9205828253912162
biochemistry,biochemistry_15,lipidomics,lipidomics_3,0.9557599883286944
biochemistry,biochemistry_15,lipidomics,lipidomics_30,0.9027952854218136
biochemistry,biochemistry_15,lipidomics,lipidomics_27,0.8781070812366202
biochemistry,biochemistry_24,lipidomics,lipidomics_74,0.9725423239491928
biochemistry,biochemistry_24,lipidomics,lipidomics_92,0.9423668581130203
biochemistry,biochemistry_24,lipidomics,lipidomics_72,0.9088732100746063
biochemistry,biochemistry_24,lipidomics,lipidomics_16,0.8935338443301811
biochemistry,biochemistry_24,lipidomics,lipidomics_11,0.9465895470876735
biochemistry,biochemistry_24,lipidomics,lipidomics_67,0.9671845554371628
biochemistry,biochemistry_24,lipidomics,lipidomics_69,0.9566787136802813
biochemistry,biochemistry_24,lipidomics,lipidomics_3,0.8741619993061938
biochemistry,biochemistry_24,lipidomics,lipidomics_30,0.9494414717677123
biochemistry,biochemistry_24,lipidomics,lipidomics_27,0.9113438618976356
biochemistry,biochemistry_28,lipidomics,lipidomics_74,0.9468235142328223
biochemistry,biochemistry_28,lipidomics,lipidomics_92,0.9241605023169976
biochemistry,biochemistry_28,lipidomics,lipidomics_72,0.9108873702335619
biochemistry,biochemistry_28,lipidomics,lipidomics_16,0.9484961456124176
biochemistry,biochemistry_28,lipidomics,lipidomics_11,0.9413502101816075
biochemistry,biochemistry_28,lipidomics,lipidomics_67,0.9326608142316973
biochemistry,biochemistry_28,lipidomics,lipidomics_69,0.9629867062635787
biochemistry,biochemistry_28,lipidomics,lipidomics_3,0.9256293938150192
biochemistry,biochemistry_28,lipidomics,lipidomics_30,0.9209283550204336
biochemistry,biochemistry_28,lipidomics,lipidomics_27,0.8778539780571329
biochemistry,biochemistry_34,lipidomics,lipidomics_74,0.8722643890191626
biochemistry,biochemistry_34,lipidomics,lipidomics_92,0.9339276166394231
biochemistry,biochemistry_34,lipidomics,lipidomics_72,0.9199333244991434
biochemistry,biochemistry_34,lipidomics,lipidomics_16,0.9582209343750051
biochemistry,biochemistry_34,lipidomics,lipidomics_11,0.856935201376924
biochemistry,biochemistry_34,lipidomics,lipidomics_67,0.9442652316115991
biochemistry,biochemistry_34,lipidomics,lipidomics_69,0.9385802558879546
biochemistry,biochemistry_34,lipidomics,lipidomics_3,0.9289409283225425
biochemistry,biochemistry_34,lipidomics,lipidomics_30,0.947093377401111
biochemistry,biochemistry_34,lipidomics,lipidomics_27,0.9169696851144579
lipidomics,lipidomics_10,metabolomics,metabolomics_49,0.8566597084934976
lipidomics,lipidomics_10,metabolomics,metabolomics_65,0.9235581537457982
lipidomics,lipidomics_10,metabolomics,metabolomics_14,0.9387369636174934
lipidomics,lipidomics_10,metabolomics,metabolomics_36,0.9585721143340601
lipidomics,lipidomics_10,metabolomics,metabolomics_52,0.9097590026736185
lipidomics,lipidomics_10,metabolomics,metabolomics_10,0.953815668129274
lipidomics,lipidomics_10,metabolomics,metabolomics_38,0.969720301914157
lipidomics,lipidomics_10,metabolomics,metabolomics_13,0.917685702431008
lipidomics,lipidomics_10,metabolomics,metabolomics_57,0.9441896543825808
lipidomics,lipidomics_10,metabolomics,metabolomics_78,0.9398122662487578
lipidomics,lipidomics_54,metabolomics,metabolomics_49,0.9454294005741203
lipidomics,lipidomics_54,metabolomics,metabolomics_65,0.9406260683139225
lipidomics,lipidomics_54,metabolomics,metabolomics_14,0.8982819056268927
lipidomics,lipidomics_54,metabolomics,metabolomics_36,0.8777791583825099
lipidomics,lipidomics_54,metabolomics,metabolomics_52,0.9665802896803519
lipidomics,lipidomics_54,metabolomics,metabolomics_10,0.9567588022172357
lipidomics,lipidomics_54,metabolomics,metabolomics_38,0.965203215218726
lipidomics,lipidomics_54,metabolomics,metabolomics_13,0.918227643068013
lipidomics,lipidomics_54,metabolomics,metabolomics_57,0.8459339593007319
lipidomics,lipidomics_54,metabolomics,metabolomics_78,0.9118209975481153
lipidomics,lipidomics_63,metabolomics,metabolomics_49,0.9136952090082371
lipidomics,lipidomics_63,metabolomics,metabolomics_65,0.9473171069346424
lipidomics,lipidomics_63,metabolomics,metabolomics_14,0.9250088388906238
lipidomics,lipidomics_63,metabolomics,metabolomics_36,0.9576307527971996
lipidomics,lipidomics_63,metabolomics,metabolomics_52,0.9528345188119723
lipidomics,lipidomics_63,metabolomics,metabolomics_10,0.9389453869982386
lipidomics,lipidomics_63,metabolomics,metabolomics_38,0.956893407784234
lipidomics,lipidomics_63,metabolomics,metabolomics_13,0.8059993931593431
lipidomics,lipidomics_63,metabolomics,metabolomics_57,0.9171812428096712
lipidomics,lipidomics_63,metabolomics,metabolomics_78,0.9615834846974312
lipidomics,lipidomics_18,metabolomics,metabolomics_49,0.9573098018489764
lipidomics,lipidomics_18,metabolomics,metabolomics_65,0.8784105167101743
lipidomics,lipidomics_18,metabolomics,metabolomics_14,0.9440029418984643
lipidomics,lipidomics_18,metabolomics,metabolomics_36,0.9014615408448198
lipidomics,lipidomics_18,metabolomics,metabolomics_52,0.9209586567744299
lipidomics,lipidomics_18,metabolomics,metabolomics_10,0.9145915423051507
lipidomics,lipidomics_18,metabolomics,metabolomics_38,0.9355401340784686
lipidomics,lipidomics_18,metabolomics,metabolomics_13,0.9420626776751467
lipidomics,lipidomics_18,metabolomics,metabolomics_57,0.9702127038072239
lipidomics,lipidomics_18,metabolomics,metabolomics_78,0.9043858797312384
lipidomics,lipidomics_47,metabolomics,metabolomics_49,0.967563301989805
lipidomics,lipidomics_47,metabolomics,metabolomics_65,0.9380812671413359
lipidomics,lipidomics_47,metabolomics,metabolomics_14,0.9429405910068762
lipidomics,lipidomics_47,metabolomics,metabolomics_36,0.9133794498055757
lipidomics,lipidomics_47,metabolomics,metabolomics_52,0.9600520298761677
lipidomics,lipidomics_47,metabolomics,metabolomics_10,0.9460298933233493
lipidomics,lipidomics_47,metabolomics,metabolomics_38,0.8766454233890986
lipidomics,lipidomics_47,metabolomics,metabolomics_13,0.9191196053727368
lipidomics,lipidomics_47,metabolomics,metabolomics_57,0.9287348086558498
lipidomics,lipidomics_47,metabolomics,metabolomics_78,0.9132756653424309
lipidomics,lipidomics_79,metabolomics,metabolomics_49,0.9275748245433464
lipidomics,lipidomics_79,metabolomics,metabolomics_65,0.9471672854763082
lipidomics,lipidomics_79,metabolomics,metabolomics_14,0.9383937669617192
lipidomics,lipidomics_79,metabolomics,metabolomics_36,0.9681742702368495
lipidomics,lipidomics_79,metabolomics,metabolomics_52,0.9473847544519114
lipidomics,lipidomics_79,metabolomics,metabolomics_10,0.9458597760469629
lipidomics,lipidomics_79,metabolomics,metabolomics_38,0.9385151483923004
lipidomics,lipidomics_79,metabolomics,metabolomics_13,0.9597098503505381
lipidomics,lipidomics_79,metabolomics,metabolomics_57,0.9165767665831136
lipidomics,lipidomics_79,metabolomics,metabolomics_78,0.9455912080140286
lipidomics,lipidomics_49,metabolomics,metabolomics_49,0.9003719868384886
lipidomics,lipidomics_49,metabolomics,metabolomics_65,0.8933866247773126
lipidomics,lipidomics_49,metabolomics,metabolomics_14,0.9316193971865304
lipidomics,lipidomics_49,metabolomics,metabolomics_36,0.9467495588714976
lipidomics,lipidomics_49,metabolomics,metabolomics_52,0.9068036805841434
lipidomics,lipidomics_49,metabolomics,metabolomics_10,0.9314341464614959
lipidomics,lipidomics_49,metabolomics,metabolomics_38,0.901631546762957
lipidomics,lipidomics_49,metabolomics,metabolomics_13,0.9424287076263355
lipidomics,lipidomics_49,metabolomics,metabolomics_57,0.9493085293097108
lipidomics,lipidomics_49,metabolomics,metabolomics_78,0.95311914855817
lipidomics,lipidomics_32,metabolomics,metabolomics_49,0.8702073261545776
lipidomics,lipidomics_32,metabolomics,metabolomics_65,0.9587333011785638
lipidomics,lipidomics_32,metabolomics,metabolomics_14,0.8640032566141768
lipidomics,lipidomics_32,metabolomics,metabolomics_36,0.9725648292240259
lipidomics,lipidomics_32,metabolomics,metabolomics_52,0.874842415921597
lipidomics,lipidomics_32,metabolomics,metabolomics_10,0.9558944098965524
lipidomics,lipidomics_32,metabolomics,metabolomics_38,0.9793076190227344
lipidomics,lipidomics_32,metabolomics,metabolomics_13,0.9308878210498701
lipidomics,lipidomics_32,metabolomics,metabolomics_57,0.957118507659132
lipidomics,lipidomics_32,metabolomics,metabolomics_78,0.9545417725063446
lipidomics,lipidomics_14,metabolomics,metabolomics_49,0.9206322825025205
lipidomics,lipidomics_14,metabolomics,metabolomics_65,0.9438093359176133
lipidomics,lipidomics_14,metabolomics,metabolomics_14,0.8963031777866244
lipidomics,lipidomics_14,metabolomics,metabolomics_36,0.8985872964557337
lipidomics,lipidomics_14,metabolomics,metabolomics_52,0.9739053486214273
lipidomics,lipidomics_14,metabolomics,metabolomics_10,0.9010146479997858
lipidomics,lipidomics_14,metabolomics,metabolomics_38,0.9119482493229786
lipidomics,lipidomics_14,metabolomics,metabolomics_13,0.882252955980419
lipidomics,lipidomics_14,metabolomics,metabolomics_57,0.8630659315839712
lipidomics,lipidomics_14,metabolomics,metabolomics_78,0.9258242207712911
lipidomics,lipidomics_27,metabolomics,metabolomics_49,0.9146347169085386
lipidomics,lipidomics_27,metabolomics,metabolomics_65,0.9078489688751675
lipidomics,lipidomics_27,metabolomics,metabolomics_14,0.8547877152736445
lipidomics,lipidomics_27,metabolomics,metabolomics_36,0.8820681490408095
lipidomics,lipidomics_27,metabolomics,metabolomics_52,0.9466729261587489
lipidomics,lipidomics_27,metabolomics,metabolomics_10,0.9114132400142338
lipidomics,lipidomics_27,metabolomics,metabolomics_38,0.9521512278498632
lipidomics,lipidomics_27,metabolomics,metabolomics_13,0.9475942904395152
lipidomics,lipidomics_27,metabolomics,metabolomics_57,0.9221439861521232
lipidomics,lipidomics_27,metabolomics,metabolomics_78,0.8835682642108523
lipidomics,lipidomics_68,proteomics,proteomics_94,0.898979009308856
lipidomics,lipidomics_68,proteomics,proteomics_43,0.9065963097616784
lipidomics,lipidomics_68,proteomics,proteomics_13,0.9544884571349863
lipidomics,lipidomics_68,proteomics,proteomics_30,0.9130960437973948
lipidomics,lipidomics_68,proteomics,proteomics_98,0.9750480944189339
lipidomics,lipidomics_68,proteomics,proteomics_2,0.967972433372853
lipidomics,lipidomics_68,proteomics,proteomics_23,0.9244666573696488
lipidomics,lipidomics_68,proteomics,proteomics_44,0.9431284284471174
lipidomics,lipidomics_68,proteomics,proteomics_24,0.9101996496714597
lipidomics,lipidomics_68,proteomics,proteomics_90,0.9264465255623435
lipidomics,lipidomics_81,proteomics,proteomics_94,0.9717480638376768
lipidomics,lipidomics_81,proteomics,proteomics_43,0.9176337483025091
lipidomics,lipidomics_81,proteomics,proteomics_13,0.9499026288735829
lipidomics,lipidomics_81,proteomics,proteomics_30,0.8988055118450565
lipidomics,lipidomics_81,proteomics,proteomics_98,0.919690957461124
lipidomics,lipidomics_81,proteomics,proteomics_2,0.8880592131930362
lipidomics,lipidomics_81,proteomics,proteomics_23,0.9153661318087303
lipidomics,lipidomics_81,proteomics,proteomics_44,0.9477227151482129
lipidomics,lipidomics_81,proteomics,proteomics_24,0.9461715782272477
lipidomics,lipidomics_81,proteomics,proteomics_90,0.9598172782869779
lipidomics,lipidomics_60,proteomics,proteomics_94,0.9158422772453992
lipidomics,lipidomics_60,proteomics,proteomics_43,0.8635974394910803
lipidomics,lipidomics_60,proteomics,proteomics_13,0.8938793589916824
lipidomics,lipidomics_60,proteomics,proteomics_30,0.9228910529001082
lipidomics,lipidomics_60,proteomics,proteomics_98,0.9491343776479209
lipidomics,lipidomics_60,proteomics,proteomics_2,0.9463217976921713
lipidomics,lipidomics_60,proteomics,proteomics_23,0.89879538731094
lipidomics,lipidomics_60,proteomics,proteomics_44,0.9434308854456547
lipidomics,lipidomics_60,proteomics,proteomics_24,0.9011962395540646
lipidomics,lipidomics_60,proteomics,proteomics_90,0.9692274905331506
lipidomics,lipidomics_70,proteomics,proteomics_94,0.9538827814698083
lipidomics,lipidomics_70,proteomics,proteomics_43,0.9117232473556753
lipidomics,lipidomics_70,proteomics,proteomics_13,0.9560685629668588
lipidomics,lipidomics_70,proteomics,proteomics_30,0.9392413384768704
lipidomics,lipidomics_70,proteomics,proteomics_98,0.9625499390876326
lipidomics,lipidomics_70,proteomics,proteomics_2,0.9481679020051589
lipidomics,lipidomics_70,proteomics,proteomics_23,0.9669704139903627
lipidomics,lipidomics_70,proteomics,proteomics_44,0.920434503556497
lipidomics,lipidomics_70,proteomics,proteomics_24,0.8998420970851891
lipidomics,lipidomics_70,proteomics,proteomics_90,0.9356147391295665
lipidomics,lipidomics_72,proteomics,proteomics_94,0.936860685255026
lipidomics,lipidomics_72,proteomics,proteomics_43,0.9067289330548153
lipidomics,lipidomics_72,proteomics,proteomics_13,0.9218581955899189
lipidomics,lipidomics_72,proteomics,proteomics_30,0.8932471619520872
lipidomics,lipidomics_72,proteomics,proteomics_98,0.9129359137452956
lipidomics,lipidomics_72,proteomics,proteomics_2,0.9267004295401865
lipidomics,lipidomics_72,proteomics,proteomics_23,0.9545257613467167
lipidomics,lipidomics_72,proteomics,proteomics_44,0.9156092615476246
lipidomics,lipidomics_72,proteomics,proteomics_24,0.8905778160650729
lipidomics,lipidomics_72,proteomics,proteomics_90,0.9345335216855128
lipidomics,lipidomics_66,proteomics,proteomics_94,0.877427478420115
lipidomics,lipidomics_66,proteomics,proteomics_43,0.9280185315598372
lipidomics,lipidomics_66,proteomics,proteomics_13,0.9475390338404943
lipidomics,lipidomics_66,proteomics,proteomics_30,0.8498692022190475
lipidomics,lipidomics_66,proteomics,proteomics_98,0.9770672917805975
lipidomics,lipidomics_66,proteomics,proteomics_2,0.9133914349249336
lipidomics,lipidomics_66,proteomics,proteomics_23,0.949857888365272
lipidomics,lipidomics_66,proteomics,proteomics_44,0.9304123847608158
lipidomics,lipidomics_66,proteomics,proteomics_24,0.9486827730614874
lipidomics,lipidomics_66,proteomics,proteomics_90,0.9461031522221369
lipidomics,lipidomics_1,proteomics,proteomics_94,0.8974788735126816
lipidomics,lipidomics_1,proteomics,proteomics_43,0.9478625054844995
lipidomics,lipidomics_1,proteomics,proteomics_13,0.9609614122752895
lipidomics,lipidomics_1,proteomics,proteomics_30,0.9163496868460412
lipidomics,lipidomics_1,proteomics,proteomics_98,0.8229036599140237
lipidomics,lipidomics_1,proteomics,proteomics_2,0.9373021802670353
lipidomics,lipidomics_1,proteomics,proteomics_23,0.9529522895143878
lipidomics,lipidomics_1,proteomics,proteomics_44,0.9050838571093005
lipidomics,lipidomics_1,proteomics,proteomics_24,0.946937202381249
lipidomics,lipidomics_1,proteomics,proteomics_90,0.887018119761342
lipidomics,lipidomics_56,proteomics,proteomics_94,0.9642876890355652
lipidomics,lipidomics_56,proteomics,proteomics_43,0.9611487669469451
lipidomics,lipidomics_56,proteomics,proteomics_13,0.9493045962804091
lipidomics,lipidomics_56,proteomics,proteomics_30,0.8936391388866306
lipidomics,lipidomics_56,proteomics,proteomics_98,0.9684635957672191
lipidomics,lipidomics_56,proteomics,proteomics_2,0.8799037587723962
lipidomics,lipidomics_56,proteomics,proteomics_23,0.9374430182611638
lipidomics,lipidomics_56,proteomics,proteomics_44,0.9578416537677538
lipidomics,lipidomics_56,proteomics,proteomics_24,0.8896865383343399
lipidomics,lipidomics_56,proteomics,proteomics_90,0.8609702422660047
lipidomics,lipidomics_52,proteomics,proteomics_94,0.8247642315526501
lipidomics,lipidomics_52,proteomics,proteomics_43,0.9053695520175203
lipidomics,lipidomics_52,proteomics,proteomics_13,0.9110624061248193
lipidomics,lipidomics_52,proteomics,proteomics_30,0.9344032461091314
lipidomics,lipidomics_52,proteomics,proteomics_98,0.9338823908751409
lipidomics,lipidomics_52,proteomics,proteomics_2,0.9568530607692047
lipidomics,lipidomics_52,proteomics,proteomics_23,0.9625188633076054
lipidomics,lipidomics_52,proteomics,proteomics_44,0.9784995868831807
lipidomics,lipidomics_52,proteomics,proteomics_24,0.9554718381667717
lipidomics,lipidomics_52,proteomics,proteomics_90,0.9668618537342255
lipidomics,lipidomics_24,proteomics,proteomics_94,0.9711803527386756
lipidomics,lipidomics_24,proteomics,proteomics_43,0.9104667447058837
lipidomics,lipidomics_24,proteomics,proteomics_13,0.9537140874293881
lipidomics,lipidomics_24,proteomics,proteomics_30,0.8900910398993642
lipidomics,lipidomics_24,proteomics,proteomics_98,0.9186157808221055
lipidomics,lipidomics_24,proteomics,proteomics_2,0.9335029333960766
lipidomics,lipidomics_24,proteomics,proteomics_23,0.9279262075475515
lipidomics,lipidomics_24,proteomics,proteomics_44,0.9498305805502669
lipidomics,lipidomics_24,proteomics,proteomics_24,0.950876037529198
lipidomics,lipidomics_24,proteomics,proteomics_90,0.9682813633843111
lipidomics,lipidomics_22,biochemistry,biochemistry_39,0.9346220846117089
lipidomics,lipidomics_22,biochemistry,biochemistry_20,0.9410126489439569
lipidomics,lipidomics_22,biochemistry,biochemistry_21,0.935939193586826
lipidomics,lipidomics_22,biochemistry,biochemistry_0,0.9637520826947951
lipidomics,lipidomics_22,biochemistry,biochemistry_28,0.9429234511907894
lipidomics,lipidomics_22,biochemistry,biochemistry_14,0.9162445179814026
lipidomics,lipidomics_22,biochemistry,biochemistry_35,0.9515605182610125
lipidomics,lipidomics_22,biochemistry,biochemistry_22,0.8860041449697488
lipidomics,lipidomics_70,biochemistry,biochemistry_39,0.9393964886072952
lipidomics,lipidomics_70,biochemistry,biochemistry_20,0.9624870253239127
lipidomics,lipidomics_70,biochemistry,biochemistry_21,0.9368183002428269
lipidomics,lipidomics_70,biochemistry,biochemistry_0,0.9610067183041086
lipidomics,lipidomics_70,biochemistry,biochemistry_28,0.9607738162993366
lipidomics,lipidomics_70,biochemistry,biochemistry_14,0.9748457138223053
lipidomics,lipidomics_70,biochemistry,biochemistry_35,0.8657739657535208
lipidomics,lipidomics_70,biochemistry,biochemistry_22,0.8696094175395468
lipidomics,lipidomics_13,biochemistry,biochemistry_39,0.9411301094830649
lipidomics,lipidomics_13,biochemistry,biochemistry_20,0.8949832474153648
lipidomics,lipidomics_13,biochemistry,biochemistry_21,0.923956860070741
lipidomics,lipidomics_13,biochemistry,biochemistry_0,0.8783237568337461
lipidomics,lipidomics_13,biochemistry,biochemistry_28,0.9035864312992375
lipidomics,lipidomics_13,biochemistry,biochemistry_14,0.9445349429080658
lipidomics,lipidomics_13,biochemistry,biochemistry_35,0.9520020578424178
lipidomics,lipidomics_13,biochemistry,biochemistry_22,0.9190825320512097
lipidomics,lipidomics_44,biochemistry,biochemistry_39,0.9349616335160569
lipidomics,lipidomics_44,biochemistry,biochemistry_20,0.9559712108570629
lipidomics,lipidomics_44,biochemistry,biochemistry_21,0.965914531757534
lipidomics,lipidomics_44,biochemistry,biochemistry_0,0.918650722520235
lipidomics,lipidomics_44,biochemistry,biochemistry_28,0.8915790112869157
lipidomics,lipidomics_44,biochemistry,biochemistry_14,0.9250026848497889
lipidomics,lipidomics_44,biochemistry,biochemistry_35,0.9434187819244915
lipidomics,lipidomics_44,biochemistry,biochemistry_22,0.946044034353813
lipidomics,lipidomics_41,biochemistry,biochemistry_39,0.9448923619000368
lipidomics,lipidomics_41,biochemistry,biochemistry_20,0.9282092271879752
lipidomics,lipidomics_41,biochemistry,biochemistry_21,0.9332574075361711
lipidomics,lipidomics_41,biochemistry,biochemistry_0,0.9503231960550426
lipidomics,lipidomics_41,biochemistry,biochemistry_28,0.945767770650411
lipidomics,lipidomics_41,biochemistry,biochemistry_14,0.8999322530727402
lipidomics,lipidomics_41,biochemistry,biochemistry_35,0.917642688801634
lipidomics,lipidomics_41,biochemistry,biochemistry_22,0.9094711964988271
lipidomics,lipidomics_24,biochemistry,biochemistry_39,0.941776689316506
lipidomics,lipidomics_24,biochemistry,biochemistry_20,0.8980253246035923
lipidomics,lipidomics_24,biochemistry,biochemistry_21,0.9504291535450041
lipidomics,lipidomics_24,biochemistry,biochemistry_0,0.9688687459029524
lipidomics,lipidomics_24,biochemistry,biochemistry_28,0.9286269681048105
lipidomics,lipidomics_24,biochemistry,biochemistry_14,0.8612221677405956
lipidomics,lipidomics_24,biochemistry,biochemistry_35,0.9571649948994945
lipidomics,lipidomics_24,biochemistry,biochemistry_22,0.9399181713332223
lipidomics,lipidomics_23,biochemistry,biochemistry_39,0.9409754940480329
lipidomics,lipidomics_23,biochemistry,biochemistry_20,0.947473863485284
lipidomics,lipidomics_23,biochemistry,biochemistry_21,0.8697781850523044
lipidomics,lipidomics_23,biochemistry,biochemistry_0,0.9309429162610696
lipidomics,lipidomics_23,biochemistry,biochemistry_28,0.9400613676099216
lipidomics,lipidomics_23,biochemistry,biochemistry_14,0.9375080533173428
lipidomics,lipidomics_23,biochemistry,biochemistry_35,0.8818423824768254
lipidomics,lipidomics_23,biochemistry,biochemistry_22,0.9310817723280294
lipidomics,lipidomics_36,biochemistry,biochemistry_39,0.8962263275140675
lipidomics,lipidomics_36,biochemistry,biochemistry_20,0.8921453135992724
lipidomics,lipidomics_36,biochemistry,biochemistry_21,0.8939573931189755
lipidomics,lipidomics_36,biochemistry,biochemistry_0,0.8760054077215482
lipidomics,lipidomics_36,biochemistry,biochemistry_28,0.9654128609560215
lipidomics,lipidomics_36,biochemistry,biochemistry_14,0.9296518991114912
lipidomics,lipidomics_36,biochemistry,biochemistry_35,0.9626618583378778
lipidomics,lipidomics_36,biochemistry,biochemistry_22,0.862861348192405
lipidomics,lipidomics_65,biochemistry,biochemistry_39,0.9042327583577227
lipidomics,lipidomics_65,biochemistry,biochemistry_20,0.8777372665470079
lipidomics,lipidomics_65,biochemistry,biochemistry_21,0.9403368964704928
lipidomics,lipidomics_65,biochemistry,biochemistry_0,0.9508499536871249
lipidomics,lipidomics_65,biochemistry,biochemistry_28,0.9636708675709692
lipidomics,lipidomics_65,biochemistry,biochemistry_14,0.8855708147078518
lipidomics,lipidomics_65,biochemistry,biochemistry_35,0.9612047869850132
lipidomics,lipidomics_65,biochemistry,biochemistry_22,0.9404811469772024
lipidomics,lipidomics_12,biochemistry,biochemistry_39,0.8819187775498744
lipidomics,lipidomics_12,biochemistry,biochemistry_20,0.9149069048134789
lipidomics,lipidomics_12,biochemistry,biochemistry_21,0.9278534125761847
lipidomics,lipidomics_12,biochemistry,biochemistry_0,0.9478767902814257
lipidomics,lipidomics_12,biochemistry,biochemistry_28,0.9283148445051093
lipidomics,lipidomics_12,biochemistry,biochemistry_14,0.9266759054460437
lipidomics,lipidomics_12,biochemistry,biochemistry_35,0.9115763025703605
lipidomics,lipidomics_12,biochemistry,biochemistry_22,0.9438571034361866
